{
  "posts": [
    {
      "id": 1,
      "title": "json-server",
      "author": "typicode"
    }
  ],
  "comments": [
    {
      "id": 1,
      "body": "some comment",
      "postId": 1
    }
  ],
  "profile": {
    "name": "typicode"
  },
  "products": [
    {
      "id": 3,
      "productName": "LG Washing Machine",
      "productPrice": "1000",
      "productDescription": "Its a Fully Automatic"
    },
    {
      "id": 4,
      "productName": "Lakme Enrich Matte Lipstick",
      "productPrice": "276",
      "productDescription": "It lasts for 24hrs"
    },
    {
      "id": 5,
      "productName": "Soap",
      "productPrice": "32",
      "productDescription": "The camera is 64 mp"
    },
    {
      "id": 6,
      "productName": "mobile",
      "productPrice": 10000,
      "productDescription": "Its a Fully Automatic"
    }
  ]
}