{
  "posts": [
    {
      "id": 1,
      "title": "json-server",
      "author": "typicode"
    }
  ],
  "comments": [
    {
      "id": 1,
      "body": "some comment",
      "postId": 1
    }
  ],
  "profile": {
    "name": "typicode"
  },
  "Todos": [
    {
      "id": 1,
      "taskName": "Angular",
      "taskStatus": "Incomplete"
    },
    {
      "id": 2,
      "taskName": "Typescript",
      "taskStatus": "Complete"
    },
    {
      "id": 3,
      "taskName": "MongoDB",
      "taskStatus": "Complete"
    },
    {
      "id": 4,
      "taskName": "Angular"
    },
    {
      "id": 5,
      "taskName": "Angular"
    },
    {
      "id": 6,
      "taskName": "Angular"
    },
    {
      "id": 7,
      "taskName": "Angular"
    },
    {
      "id": 8,
      "taskName": "Angular",
      "taskStatus": "complete"
    }
  ]
}